rainfall,river_level,humidity,flood
249.67141530112326,7.798710873172004,64.87232587538428,0
186.17356988288154,6.849267365825538,72.83221993926723,0
264.76885381006923,5.119260739840349,63.11370118500058,0
352.30298564080255,3.706126444588852,70.38057705541439,0
176.5846625276664,6.39644662722718,46.59577999569321,0
176.58630430508194,5.786970770843499,78.19940561059408,0
357.92128155073914,6.790386440055465,75.01808213043337,0
276.7434729152909,6.270343603363939,62.74367053397714,0
153.0525614065048,7.09910543063867,84.88868502648607,0
254.25600435859647,3.9295295768788643,89.06355206439838,0
153.65823071875377,7.634788131268651,50.88660203446538,0
153.42702464297432,5.395199209384799,63.55912832150679,0
224.1962271566034,9.150521745250531,63.46286475319053,0
8.671975534220223,3.6216243638208643,60.90145348336703,0
27.508216748696725,8.4719276063305,87.44212262897622,0
143.77124707590272,5.395821566925296,72.09260791840795,0
98.71688796655762,3.6971639927711033,71.03227738034084,0
231.4247332595274,4.032228331891357,44.9420645338987,0
109.1975924478789,4.3593053836113596,84.53127045313839,0
58.769629866470865,5.848331892803833,56.41112407719791,0
346.56487689215544,6.0456709760709995,75.89898945399493,0
177.42236995134644,3.852599992122842,79.16065406937288,0
206.75282046879238,4.951290815478035,95.40987893757976,0
57.52518137865431,9.284540717223727,55.367694013213324,0
145.56172754748172,8.455086340201422,29.707317662687622,0
211.09225897098662,5.872647339348064,77.75774317130542,0
84.90064225776972,5.076006956336401,100.0,0
237.5698018345672,5.240062653436523,93.58419529409156,0
139.9361310081195,6.227035945460833,78.14489122911938,0
170.83062502067233,2.954414869603189,67.62545721551929,0
139.82933877706031,4.48524692515331,87.10683894955966,0
385.2278184508938,1.662831852244821,60.39680700443297,0
198.6502775262066,5.798446245210559,82.14536654034329,0
94.22890710440997,6.294391879405482,82.5820523874994,0
282.2544912103189,4.033627075401252,90.90314861248319,0
77.91563500289777,8.147973526580065,100.0,0
220.88635950047555,2.5484686739953175,80.88623950768151,0
4.032987612022453,2.0712502395803596,67.36554561438751,0
67.18139511015696,5.448903637119944,74.61638531712008,0
219.68612358691234,7.094196605224309,48.46386142666323,0
273.84665799954104,8.367855382915737,64.57930303366413,0
217.13682811899704,4.0822314742621195,68.86076342830344,0
188.43517176117595,7.157361666862592,67.13867403098111,0
169.88963044107112,4.922983060998585,77.28532308050583,0
52.147800963257254,4.654745400118361,62.66370101426699,0
128.01557916052914,6.767319874973345,91.81546000986707,0
153.93612290402126,6.304645756826839,75.00310597377296,0
305.71222262189156,1.8472156860315012,74.86049518292079,0
234.36182895684613,7.9530806994517915,70.08157925230623,0
23.695984463726603,7.760182708294903,77.32786025788468,0
232.4083969394795,3.748874596980941,87.37647397001452,0
161.49177195836836,5.791607066874818,61.9930467643365,0
132.30779996940413,5.988060372565478,65.12825266387115,0
261.1676288840868,5.521347531647814,70.44410956835003,0
303.0999522495951,3.8993896923091595,54.811936147901775,0
293.12801191161986,3.656753264123897,62.71113210417754,0
116.07824767773614,4.9488918580171095,67.85668689683011,0
169.07876241487855,7.345458038518729,88.11583771069091,0
233.1263431403564,6.087200309188865,78.93841993502888,0
297.5545127122359,4.258771335827788,77.90384867051317,0
152.08257621547102,6.54339742129669,87.76346943251959,0
181.43410233361828,0.0,72.93942317400905,0
89.36650259939718,7.297531400744207,80.85697274893334,0
80.37933759193292,1.5205724424438007,73.45167370601256,0
281.2525822394198,4.275118117193736,78.98043524099442,0
335.6240028570823,2.7606602107477123,66.25862013582626,0
192.7989878419666,2.4106370485581885,38.41774262585356,0
300.35328978920245,7.321653574757039,72.98581256720544,0
236.16360250476342,4.064597597376217,96.3412220414991,0
135.48802453948758,5.693007763461432,88.89323103362389,0
236.1395605508414,4.906158842241632,89.48096226886756,0
353.8036566465969,5.954081654446243,93.54196082709326,0
196.41739608900485,5.15364378212051,76.32986386442155,0
356.4643655814006,2.4340155516228608,77.95973561108393,0
0.0,6.99253363889428,65.73522156848475,0
282.19025043752237,4.012486833677375,70.25890715959426,0
208.70470682381713,1.886836202680498,84.23656724656712,0
170.09926495341324,4.143769678068175,93.05826655753225,0
209.17607765355024,8.00151958126862,72.908305864785,0
1.2431085399107076,6.7004434842269855,68.24716102722883,0
178.0328112162488,4.302695731184282,75.00791938284895,0
235.71125715117464,4.301484591363143,84.01810123393672,0
347.78940447415164,4.356729897565235,53.34217775799687,0
148.17297817263525,9.153495967121682,40.55728570294143,0
119.15063971068123,5.763870904463107,66.74194725762625,0
149.82429564154634,5.8600832943821395,56.689313611287616,0
291.5402117702074,7.060566908063684,67.37789703529033,0
232.87511096596845,5.477578318053027,72.78329521773793,0
147.02397962329613,4.481915708358594,68.2012738646548,0
251.3267433113356,4.607300301830043,96.78701301706118,0
209.70775493480403,4.856797481171872,79.90117146903481,0
296.8644990532889,4.925555526980316,79.50711539416243,0
129.79469061226476,6.4552590872739595,84.33310716065102,0
167.23378534022316,5.103891771614599,57.917503233288464,0
160.78918468678424,6.465280154431158,90.58667681130403,0
53.64850518678816,4.838566839782835,73.8635357019681,0
229.6120277064576,5.157270380632181,85.05720925861819,0
226.10552721798894,1.0035986309357847,58.92214150439767,0
200.51134566424608,6.832655349404963,51.693618509759034,0
176.5412866624853,5.692976951795986,87.26834487037543,0
58.46292579495858,6.996020219719305,80.64614289146274,0
157.9354677234641,0.0,61.46922668463735,0
165.72854834732306,9.176749409561456,61.95505378087958,0
119.77227307783811,4.720820743689653,91.88152176622154,0
183.87142883339908,7.216365633475033,57.15882160699008,0
240.40508568145384,2.9201881457489383,99.64009429883944,0
388.618590121053,6.225547810125139,61.49068898028197,0
217.4577812831839,2.8931688736526877,84.57587888412574,0
225.75503907227645,3.7524620786083895,70.07072286376523,0
192.55540842338328,8.828062707733572,84.04781146623515,0
8.122878470095856,4.6186351984733065,66.83828996828711,0
197.34861245507832,5.434865746359446,72.55810640891559,0
206.02302099410264,6.740135461377508,75.61378763093582,0
446.3242112485286,5.991363775945209,59.96718816327791,0
180.76390352188776,5.3008378102871525,86.11236518130188,0
230.15473423336124,5.729922004932451,67.30179650292622,0
196.52882302947566,9.80683117047655,71.57100126989972,0
83.1321962380468,4.884762405932829,60.08475938087231,0
314.28228145150206,5.402198093429935,36.56499511807034,0
275.1933032686774,7.1013087920152245,72.13458356099747,0
279.10319470430466,7.211051865915968,100.0,1
109.0612545205261,7.37406061112076,86.76906431847036,0
340.2794310936099,6.277460444058369,74.71109430398408,0
59.81489372077192,2.713990174539033,71.05663756187599,0
258.68570938002705,8.266863064602191,75.3369883921807,0
419.04556258099785,2.707309213962624,83.20678672762816,0
100.94636748693117,5.605270930478066,57.28780777036732,0
143.3702270397228,3.4914482999612844,91.71482542003308,0
209.96513650876412,4.871723306814015,85.73071973161866,0
149.6524345883801,5.657524820606961,85.77278588561902,0
44.93365689338674,5.642714430900546,81.57713608214591,0
206.85629748060273,5.84384150847057,75.29424986540985,0
93.76962862738951,8.227422538117294,85.09291853950229,0
247.35924306351816,5.90706860302796,83.87721200612067,0
108.05757657661968,4.511686729418702,69.68938933588464,0
354.993440501754,6.928174336576714,66.39597340654649,0
121.6746707663763,7.378940977849281,76.5278444289298,0
167.79384837943243,2.544784369726015,98.23530227242782,0
281.35172173696697,6.194800139699716,56.41339386519149,0
76.91356835660447,6.402345484621796,52.9871210137134,0
222.74599346041293,4.404872993280016,77.47141261854775,0
330.7142754282428,7.751413626623239,75.76331552784028,0
39.25167654387724,4.699888825934947,77.60012496555612,0
218.46338585323042,5.2511529069430845,78.6592979686275,0
225.98827942484235,4.65385635143226,71.65196618047793,0
278.18228717773104,5.031158095162935,97.34795157903123,0
76.3049289121918,2.8074498262095964,50.98644032285227,0
67.95433869157236,2.1198982348114113,62.57254462829631,0
252.19415656168977,8.189010126449944,73.45117859776428,0
229.6984673233186,3.3060773033633444,50.35216783268749,0
225.04928503458765,3.0172153010873854,72.36218393351893,0
234.64482094969756,0.6932197727925704,99.92205248592028,0
131.99752784215093,3.7220765046209956,75.31329732443943,0
223.22536971610035,2.3538204131850033,78.46051358578025,0
229.30724732986812,8.284030320272738,56.097528522411295,0
128.5648581973632,7.019634178685268,65.75457887940783,0
386.57745111447565,3.6236993096445524,69.37205429514094,0
247.38329209117876,9.504871610688618,70.23427354865649,0
80.86965027973514,6.963530973983189,94.22465692505654,0
265.65536086338295,4.350337232982755,83.36536591087687,0
102.53183297726785,0.0011885702528537934,58.32813064594452,0
278.7084603742452,9.581885145181484,78.69757167648007,0
315.8595579007404,2.220855066472808,82.47332622745178,0
117.93176816482895,1.7092025060862164,92.102235577819,0
296.33761292443216,7.045140864019281,98.70811029852561,1
241.27809269364982,9.879504812678546,59.77358712258197,0
282.206015999449,7.768545637021036,62.83713733184493,0
389.6792982653948,6.12781824010472,56.136332116280755,0
175.46118839971294,6.189508683330572,71.48970211339528,0
124.62638356425104,6.706831117560616,81.99537561669501,0
111.04855703744767,6.5178571795735305,89.81001774883653,0
118.41897150345618,5.562382847938752,73.86073464536216,0
192.2898290585896,5.208402207903752,70.20228715117734,0
234.11519748166438,4.874813744200956,77.2763698837311,0
227.6690799330019,3.4920708222666477,62.472856475549655,0
282.71832490360237,4.438649846266452,100.0,0
201.3001891877907,1.614086371609229,50.885084593229124,0
345.3534077157317,4.8033207464105,77.77110868343587,0
173.53431667620438,3.022817785698165,100.0,0
472.01691665896186,2.792821365568458,75.10199766839996,0
262.56673477650065,5.359788302306957,72.14941447497759,0
114.28424435837175,7.784004572689199,69.6383186578436,0
92.91075019388877,6.836633212004626,72.29412477356388,0
248.24724152431853,1.858998792753646,95.59272712014796,0
177.65372146741493,3.020743726859325,41.8220713300574,0
271.4000494092092,6.881542375976432,98.00150551944489,1
247.3237624573545,3.035025212923381,53.64064271324783,0
192.71710873431272,4.550733700005951,71.00021506148377,0
115.32062819315951,6.100104198049104,68.56133369552008,0
48.515277531413545,3.0633110902727294,83.8282990465608,0
155.34850479329788,5.21075101229192,51.02813472174378,0
285.63987943234724,2.331949010163591,81.93258999122914,0
221.4093744130204,3.7972647120975727,100.0,0
75.4261221288012,5.639563868285074,54.55238993110784,0
217.3180925851182,1.8140125329366614,77.84559251415594,0
238.53173797288366,5.880949475920798,65.07026733305086,0
111.6142563798867,4.960724402146638,81.38830809289554,0
215.37251059455278,6.104979908834295,75.28721666123629,0
205.8208718446,5.447828268129323,65.37769636433535,0
85.70297021693769,7.728280859947688,82.3180842730661,0
235.77873603482834,5.250449005295814,100.0,0
256.07845263682344,4.141188917749494,72.13644312409052,0
308.3051243175277,5.244595006064568,85.79636913222274,0
305.3802052034903,6.086596058072776,55.60090563193255,0
62.233063204290886,5.0977201406514085,60.65345434772987,0
106.21749600848773,5.081183382407764,82.08609416820566,0
251.50352672086598,3.5960166243864893,97.26174042803947,0
251.3785950912209,3.6741981648981037,80.3342002317849,0
251.5047686306048,2.194789456400613,70.30412954215268,0
585.2731490654721,8.499153486373878,74.98937108135031,0
257.0890510693167,2.51227352921743,56.243883990454236,0
313.5565640180599,3.6141896044081854,84.0677298953305,0
295.40017634932025,3.5631854688616054,88.23499593485114,0
265.1391251305798,6.789848753888883,68.2186450075038,0
168.47307553596545,4.410100643415944,67.94936778360747,0
275.89692204932675,7.495484145347468,78.98817344478073,0
122.71747854624282,3.653018751512263,68.44920395939107,0
176.3181393259991,5.557988324447604,74.00801078061266,0
151.46364521708966,3.3293058934804853,100.0,0
208.18741393863226,9.290298255546777,71.29461448881005,0
431.46585666735086,2.6248031619409744,69.62489771968167,0
13.273480740825192,5.619641420454055,65.28687291547261,0
268.62601903745133,6.267553761864197,86.16287957249905,1
38.72841288103484,5.827598194902997,72.28163740172846,0
152.80681342105666,4.629424682244584,65.25940442517862,0
308.8950596967366,4.740358600533147,94.81956048409518,0
206.42800190954628,5.087622943958219,96.29404506770456,0
92.22552220706939,4.705995996743023,65.99364651391943,0
128.4696290740032,6.927758233589819,47.00190072959076,0
267.95977489346757,9.421046003182703,90.11270534755383,1
126.96333682828633,3.885016429984333,64.73055261359994,0
221.6458589581975,2.2603940408418444,86.85938398744153,0
204.5571839903814,4.82343590329749,45.44844273432247,0
134.8399652394183,10.159418675308636,88.38896007448963,0
414.39440893253254,3.3926508640605384,56.83242106078828,0
263.3919022318011,8.278233610888135,85.96146178599787,1
0.0,8.355401628152881,75.21409601754651,0
218.64543147694278,3.892823516584011,60.690908709050326,0
133.8213535231612,6.137966158370551,68.8944553060983,0
285.2433334796224,8.256793246257075,85.29477685435052,1
120.74792615672993,4.241744518025026,76.58841679672851,0
188.5263558533101,4.592839279795276,83.76619470708727,0
250.49872789804573,3.8366381721027123,100.0,0
286.5755194170122,2.9704865386142663,51.53637582433423,0
79.97035929442238,3.701444909867986,99.25818862452937,0
166.54987641590515,2.552119466475487,76.5653390628482,0
152.50546888390437,5.068166936518452,61.51823927515308,0
134.6670767426288,3.4600535378827164,55.04529561391515,0
376.54542402810966,5.467571823581496,72.1631941383445,0
240.49817109609555,1.8882087075927454,88.82475167886689,0
73.91160456649548,5.661760464428914,73.08676319433698,0
291.7861947054776,6.6670579232178495,97.66732395371021,1
412.21561970126334,1.0125287148570892,53.23236464922662,0
303.2465260551147,5.748113139695144,74.81866578230918,0
48.063003404598646,7.455337984946585,56.214098333803214,0
151.57659271337485,2.580717962617589,80.45447823937452,0
326.69111491866227,8.345144773675408,88.3033108514595,1
129.23305343812194,5.838038018732091,68.6885730947842,0
244.38194281462285,3.5899762884831823,35.936792150592986,0
277.4634053429337,4.8884618446845876,77.98422220194742,0
107.3069528421917,6.116653825043445,81.55107827600264,0
194.04746439381998,5.152010782824823,81.06442132442547,0
0.0,6.077511984892738,93.53673287733231,0
97.56123586657101,3.1586528138412673,58.93419480526427,0
174.74318486068398,5.3387216480721555,85.20324158175674,0
75.22168180351505,2.1725710061900396,92.88761268716962,0
363.24113039316353,4.7775478773026,48.32118623990225,0
56.98586220393673,3.1921847170704205,79.79477738878465,0
155.99555133030162,3.528940114820467,67.43730253488492,0
213.07405772860915,7.472186350420875,73.77715990347531,0
344.1273289066115,7.182620241188538,80.21514725307505,1
56.41378488205606,6.218276241814354,67.69157153829671,0
316.31637521549595,2.815374470654842,64.86437881257582,0
201.0233061019587,4.367183100610396,75.51228626232037,0
101.84913489520491,7.426195399958367,58.69131091705796,0
246.21034742632708,5.28343382727981,58.712623066722216,0
219.905969557347,9.63865907996339,85.19059924434755,0
139.97831228412053,5.786635678788744,57.76808947262016,0
206.9802084990019,5.3840982329800635,84.99468751363818,0
161.46864031382398,4.3817670715949975,81.93886939280927,0
211.3517345251248,5.267081809564565,49.11289906814105,0
266.21306745210467,4.695060327238912,64.83653021496517,0
358.6016816145352,6.416217353377181,92.91164104571058,1
76.2184501173151,6.913404633589169,60.28251703290478,0
413.30333746562667,3.4280210789841012,68.03393606535919,0
4.7912200477498175,2.337534092884444,81.93091339877844,0
184.82149049644167,1.3275892537934069,86.75085763923893,0
258.83172064845763,6.015982653825088,71.22691670933257,0
228.09918677350328,2.793266787652253,66.03734707962538,0
137.73004801794062,0.6942188140950343,96.33554792547761,0
179.18777496427248,5.7771572090619285,100.0,0
150.69990653411674,9.985999034865582,89.68287076172693,0
141.06352430557885,4.987858176920214,76.27977213847537,0
284.9602097021025,6.676981548903283,62.8760141753861,0
235.70154859650472,5.16365871709513,62.54333390165152,0
130.70904047393458,4.8022206936177145,82.83771157898636,0
289.95998754332504,6.838152965975537,81.27597331333025,1
230.72995208766093,4.419450911622698,96.02397889419645,0
281.28621188389604,5.534784628143806,84.75675138804209,0
262.96288419236123,5.643395612392027,52.45379547360273,0
117.10049890779277,3.6638190927139025,90.77921426584378,0
143.98189598030305,6.984084699073046,60.02909059028381,0
274.7293605123262,4.650080486609182,69.24043092071473,0
261.0370265433465,3.4885096810143104,78.75300309377542,0
197.9098406035852,6.073019687140807,100.0,0
211.7327383308782,3.2030640364179255,100.0,0
327.7664895788425,5.056362314738257,84.10084588704274,0
140.842861116417,4.981762006711593,72.25205071919419,0
254.70973811700378,7.171791131663156,83.01758472720826,1
179.7807347566106,5.949396465759905,88.31483138810754,0
178.23187967727796,4.949946082509713,70.18998561664212,0
309.877685198719,6.635532598400574,100.0,1
282.54163489880295,7.780415098034627,78.45106138787104,0
281.35096360006384,6.115620612703724,82.46614633637091,1
330.54788071543294,5.0207052396867615,84.98886378081693,0
202.10038416327592,2.376327535299681,81.32379915921683,0
268.1952971294964,2.869772673849255,87.58410750704418,0
168.9733243406544,4.389550591290664,65.74120220179616,0
232.41663524884422,3.7809755956814337,66.62547369080954,0
186.98569456323153,4.626057394029108,58.497686505424575,0
209.69959649927182,5.113299849794214,81.59251845930339,0
259.51570254369136,6.059385508713461,86.6840475526817,1
118.17793167665275,4.859002443881818,81.86659299227829,0
409.238727568546,5.9730032876524035,100.0,0
99.3982618500298,5.12894882962024,74.9160597175643,0
78.58113872122678,1.0490668672922574,85.03112483388769,0
315.8110873500068,3.1213292123624914,58.624486857910284,0
279.1662693962936,4.7118248885567695,69.19350446288398,0
262.4119817052155,2.580610514317785,85.43306636348666,0
262.834550926428,6.199857459992409,87.73653166114715,1
198.77532271530853,8.061501664687395,70.59049578503726,0
110.27456285141685,7.437523703394634,73.92601122212899,0
207.58045581937265,4.573114258139584,52.231893799787855,0
132.28382884878883,7.9814522736999045,69.64456198790086,0
297.5119733417751,5.297334914404223,88.35574745279679,0
185.29426184978612,4.325828057763921,83.6280752415985,0
117.45028032074885,3.7731946729181205,82.50998582071814,0
167.86141583470067,4.395060627023743,75.7466053077144,0
241.29314542756242,4.223646362917543,75.10594737942264,0
143.62754471960253,5.340832444750975,65.09518290789829,0
117.77796044335686,5.3211479620997295,85.48242630303803,0
224.36872114919123,5.006092040306829,81.31459416584084,0
224.49665711087226,5.8738763394927,82.380282719892,0
149.30568246288703,7.381292549572683,67.1094773599863,0
152.89616943816773,6.899108270882648,42.69985620193133,0
223.20499373576362,2.030204063100193,91.45729067630543,0
55.19156585026758,0.0,67.81743815987394,0
59.253622562344475,6.868639822478547,62.058363539353195,0
128.1555778747564,2.266242603169158,85.4021836787099,0
178.65528482881527,4.550469196214633,69.11981040121306,0
231.09075655980047,2.659773947881281,90.89904576069932,0
347.53562169495524,1.3960391248399606,84.25508924365046,0
285.76596232020194,6.082925456409576,85.25353984800716,1
184.00614700365728,6.518310320605294,54.51066433199199,0
198.09837920973112,3.846979198546561,93.179159780796,0
99.74706353621912,0.0,78.91875796850785,0
198.148686400761,3.9075111034950343,69.46084291130695,0
171.13413610798617,5.783608010805093,77.15082701013377,0
232.27185603380894,2.0421768624517425,48.356471506525196,0
117.27690564476771,5.3667198395583116,81.12979217221006,0
251.93465142411722,4.969380301654009,59.559427377268925,0
353.2738913002578,6.158582999202177,54.70994571234698,0
189.12398515431425,5.239160736828307,52.16461220673163,0
240.17117220989414,3.0538621182368892,91.69032562484888,0
269.0143991711112,7.393143003328983,65.56104909460817,0
159.87795281141638,4.68294085394606,98.00591564874749,0
222.40924818104168,4.945390920980136,66.96297805421554,0
201.2592400781795,3.133464081853608,49.3896306361058,0
209.76760985488318,4.11343549761698,58.25213340077011,0
122.69902161445336,3.2303945719461984,93.53717430010408,0
202.45101742589426,4.654107880153154,72.66152733095,0
249.79982912454497,8.423416960284687,66.77569055264098,0
345.1143607795042,2.2561977141372873,77.40027338779181,0
295.92708260852066,1.7728772042465177,82.52674104251318,0
415.31824575115564,7.942340654987217,91.76098223853691,1
123.26524371119505,4.581352645696268,96.7274884483939,0
287.23206367206785,3.6618545226801666,69.60347031316371,0
218.33420057383518,7.079809374792153,55.10928470876942,0
418.98029332176725,3.788768920526272,68.79802258315085,0
119.17017146448485,8.652019427093872,78.9042075987433,0
116.0278157819224,6.355851742678539,60.54361610684084,0
140.06073545559778,4.024177183708595,60.642736276574354,0
0.0,9.314616426531007,80.15681822324828,0
147.4244978319239,3.788570153993323,74.27021472644323,0
124.0867338446302,6.484190744018614,75.4919549311738,0
215.03937864762077,5.598585160812984,63.62256997949896,0
234.17559757771593,7.603482578797596,71.54398928691349,0
387.61708392158863,8.123022393453706,61.136502835975435,0
295.042383818605,5.064008298131533,88.3529761668718,0
142.3096344337597,3.4931642593076333,90.52874002085629,0
110.1585328651642,5.919944285878233,47.307182066428595,0
249.19191715065057,3.6445692604957878,61.05733709711385,0
67.97667929793579,9.026774495053246,52.55206117364881,0
383.14587658543536,5.273070662165475,65.24964098389653,0
317.9440120721287,4.269356897375783,73.74843045314459,0
153.08243478952951,5.3693606117298165,53.255321704522046,0
28.686547090912256,2.305747420940607,61.1721028031203,0
335.3872374165413,3.056771922978697,59.94063941877752,0
188.54601547473823,7.400827815888851,78.10900994098417,0
323.7816311973462,3.6862114420572087,76.04016505554375,0
40.557234120563294,2.906178034636121,64.1739366999412,0
140.06249770462273,6.073305505054572,77.65231308209097,0
200.52436997181832,7.371408309325994,66.79979873119102,0
204.6980593764742,6.437906621330134,70.9251733451092,0
154.99345285207562,6.992095371611633,100.0,0
262.2849932347499,3.4864098228610785,95.10691577685522,0
93.23795706174056,2.1563786665163125,55.506281446086035,0
185.76205149787066,8.002667303910973,87.44598626818762,0
212.0295631711899,4.354640322315729,87.17094831737388,0
251.44388340587489,4.498333967089906,57.776050668710724,0
271.161487808889,7.656388283698115,87.2816646563229,1
87.53579081621308,6.11246001880132,98.06897877618829,0
46.588582926437766,5.911775544163215,58.16182790633379,0
327.7676821898509,9.330004689802168,61.237457684786044,0
233.23140119795917,3.712963539239714,90.26492200265254,0
125.15134634434463,6.855680256162474,79.07242966238472,0
355.1151975522523,5.114026249794169,83.27214412859286,0
211.56746342928588,5.537184557726514,80.10883824600745,0
317.9297184063827,8.056936852825064,80.86043881392216,1
206.7518481410109,6.015671512579248,55.102918075333754,0
406.0747924881987,6.076592158099266,90.70976559932173,1
375.5340842443204,7.145014674619604,92.54384988641661,1
175.10358515209265,4.270094540914229,71.55913883897958,0
297.1570950954355,3.3215806653219873,74.34784575279207,0
264.5375949585148,2.910381611957933,52.03338746166417,0
336.8631557532349,1.0672868212479965,82.71382134026753,0
103.50765394198956,9.112414259880644,83.58086162571216,0
268.6051459998439,2.7935832685566337,74.06713474501034,0
305.84244868495875,4.557492752828456,91.86530039805754,0
24.126051357688567,4.446373400222159,69.98884153530089,0
81.6741487334225,5.614813395618201,83.469088888404,0
0.0,6.6314744250785935,59.705034919618264,0
173.05931655554423,6.720946976719491,74.64671773688643,0
271.7542255795962,3.8338451228621233,72.38468613145746,0
350.23570520960277,4.665756572427177,78.37961883061412,0
207.4094780419775,5.5651599009765995,69.45709606749962,0
362.8615545571292,4.502617747632906,73.02791106492498,0
61.98985417851085,8.214691152039986,87.3907075716226,0
29.661756064484536,5.981949903276503,68.44853644142674,0
194.44523011033812,6.4697555720996345,50.90134348891981,0
238.40654489393074,6.325762537334826,100.0,0
196.7305251905907,7.34694771497065,95.72181118035729,0
0.0,5.3620431174074135,55.616059573415725,0
191.08799604872115,2.406336104088307,85.34561707867792,0
69.55304994951467,5.799375903505283,67.45537844172985,0
266.9672548830039,3.697286212416342,78.9523082299659,0
236.65982460968482,3.9427666365004863,79.4133619352024,0
106.01202136726448,6.172728037510186,71.48388299525517,0
148.61330826633065,7.476566142867272,63.24351501620406,0
94.07864781110484,5.042543153472123,64.64188421525611,0
193.73209027268283,5.617666025197927,61.257121267781365,0
295.51423205012384,8.404429889270476,62.522666876543326,0
101.42739536644562,5.4815063589771365,73.99232564925967,0
250.40465155178444,10.203366228360789,64.26360016333872,0
146.9742381627559,6.1310192912630885,85.2307809856893,0
120.71271677376558,1.4784744816883646,97.30869233003891,0
189.2969640045442,6.506683242209065,66.29920137944936,0
96.47576775806259,5.7623167697655555,78.59106750803066,0
144.6350694652818,7.579505508165491,82.495276654544,0
80.21221074111516,6.346362702539917,82.08003406378911,0
396.47251329163896,4.723088032032452,76.13932901874131,0
203.52635519717285,2.5514035274212685,86.14023627539584,0
130.02744920074144,4.58195348542795,82.23373429020985,0
221.3979910734222,3.2989590915813998,56.43506366509053,0
188.767195030917,3.8389531003905546,88.03734096583909,0
177.9030400466777,6.177156808841219,88.30936255900113,0
261.4166700043425,8.339809008702812,63.550708437321276,0
275.7507710047305,5.7893430596459625,75.56906753171403,0
146.94988523894725,2.6082338759296313,85.24993489216604,0
142.418175935532,5.889205336440281,71.86029270630958,0
172.4948302848356,7.393262973291302,91.09467071649019,0
0.0,3.780434191361236,100.0,0
48.48089378014478,4.7319656666541645,63.210209510475266,0
336.68742674445247,5.0293763894583945,54.28433095269338,0
364.49677135012837,3.43020337383552,79.55727893407314,0
175.09639604436217,6.2965608676877185,85.82343757689215,0
257.6556963055766,4.758103702784437,71.53700439232847,0
231.12501545435362,5.839064887814056,96.79890994981551,0
507.88808084552375,3.2250156443958,54.92091300415127,0
311.9574911434577,4.125083399353179,85.39377934547417,0
187.20824085192334,6.444762715655543,65.9120876886166,0
104.44595593995743,4.254333695816466,100.0,0
39.35536797424274,8.45392770246681,100.0,0
220.3463635867223,4.200727628770795,63.500151183249784,0
124.36492547156966,5.449369451503772,66.7566429613713,0
57.77462904023258,6.8651816637461796,87.89381830469702,0
135.34271157574733,2.1632685341339366,69.19304025315728,0
91.8451996385605,1.4783823760384482,74.31883173101643,0
368.71416350725644,1.9486873708598105,75.38082630813615,0
288.16397569494507,7.525168206854364,46.204902657035156,0
199.20273586833827,3.8962837082151065,74.79243380858644,0
347.99441388900254,10.116398571336504,64.6540833890374,0
207.73683076476183,3.871504802685223,67.60315766400342,0
113.87157986717364,5.369102606394074,96.65448005203221,0
352.3124077269657,8.08421990513575,56.152396585811154,0
253.89100436846587,9.012185776318246,87.19807780121965,1
96.27538456735437,9.123007153272795,70.81555604502287,0
180.9661321916392,7.416732461186285,70.80359747256249,0
112.43817466152429,7.048125051622925,86.85557844077567,0
61.720026903566406,6.185053898402366,80.10076941853336,0
292.61775475316415,6.5567221523332755,83.55919495829296,1
390.94166404701303,3.897628567342933,89.52276990799291,0
60.14324261808588,3.363602233155386,70.03037425225016,0
256.2969236690571,4.993251085178096,65.81644898238375,0
134.9357430878173,4.659630754950143,58.72274210163303,0
151.2874616235304,4.093543901345449,62.61884205031567,0
140.76060757611307,6.392774894913431,100.0,0
113.6009230320184,6.910610417141021,93.67019371105181,0
204.8521627944827,5.176813772583695,54.733884506879676,0
116.90498835889622,7.955060162110524,55.16313064884645,0
227.04568257798388,2.71662177173299,82.22799092577738,0
194.9761890550863,4.612681081440564,83.2089719606695,0
176.10519531335902,3.5663553587943904,83.23325752976046,0
109.24363379584021,1.26692676585388,71.17566309669454,0
142.32286694316673,4.834638628314601,73.1181860999565,0
275.5391225825756,4.756504983233433,79.91819286239036,0
250.09171876243806,8.026899486484261,76.28839509439996,0
102.24447552014489,6.2616233691095555,41.71049440878697,0
209.9332305429226,2.95162635134159,71.55300554137209,0
275.1387123371789,8.708185132668376,62.2289034860953,0
33.05947188786283,7.442067391050706,77.62817128362768,0
254.3360192379935,6.164195406937232,100.0,1
133.73762410541534,4.547031802300336,80.51222498211456,0
257.05986685931595,3.0811215265530407,70.29705470741403,0
123.67408434574831,4.255586447857894,88.82702252965878,0
19.5117899335481,7.177497239408372,82.24031830813819,0
37.24575621168373,8.769172611869218,81.30141735677762,0
204.8084946661382,8.086487056544378,84.10275889823507,0
225.9722501721482,4.022301156427452,100.0,0
109.56833748955914,2.7607651334219776,58.03667347011127,0
263.8592458777374,5.281772493822408,82.10448115217181,0
33.84799377310401,1.4631212688742967,61.10428305027692,0
193.39202013526835,5.646335428369563,83.33268969513372,0
78.89838002375433,4.7047948274026625,61.21970232770858,0
134.81638921978407,4.067926996263515,68.73949779592374,0
204.7398671316414,1.810593865466409,70.5736512864314,0
113.95866347160477,6.027200213139433,89.63725079017064,0
161.54444557701746,3.9345983206761774,88.7768166591362,0
300.62928092144404,2.660166328579424,56.31423935330423,0
142.31081304768512,0.0,75.82401166499773,0
283.5692112065142,4.9449701898987275,64.3563021787624,0
87.02931453423818,8.544503193339487,56.12242633986998,0
252.98041779152828,8.32251842909574,71.74474424363444,0
344.15686206579005,4.0858074868274565,70.37275817316271,0
0.0,3.7955758792764387,100.0,0
120.31047445295232,5.937548512150047,81.49439738041045,0
257.707212718054,3.0032291216234173,54.33573748868644,0
179.69546139570073,5.6035837996389315,66.52838993743586,0
237.1145873371309,6.53216055676938,90.32074943144097,0
139.60148132841795,7.453866447768615,100.0,0
208.65897874728998,4.799691847040094,51.210250316430624,0
184.43227646079205,4.592652499646068,46.80113422291433,0
316.77820616598075,3.244034826486878,100.0,0
225.4420843301213,3.3462392919202797,80.84421266056356,0
233.7602662075202,4.547042216196947,61.9756090218545,0
158.81230338775327,5.734731013632356,83.01943629183653,0
151.23937759275066,6.827169252466499,35.463783914746834,0
156.7441812180379,3.3936420986393103,75.05063259895742,0
239.44521423782967,7.985377137919043,79.91731759264628,0
157.9015519179737,4.457752797914862,88.86405209306744,0
228.9774856896413,4.957265411303128,59.791560715611936,0
407.5400798645439,3.5055766417043532,76.28530742105039,0
287.1124703431692,0.1515194794541168,61.11863060910619,0
167.3976467832159,6.7680907927220995,78.83075633511476,0
320.1213922163945,6.473687794184867,61.56980516455464,0
159.19246269784486,4.437344885763573,68.87848741259668,0
0.0,5.133981434449744,60.062769078146566,0
99.19136890825959,6.031878435408199,84.76704362735485,0
12.92080789741442,1.8749082862269146,87.87676674984998,0
164.84865159586914,3.9418946453074106,71.48069145063879,0
201.84183791895518,6.588529359243655,75.57356992440043,0
367.6437312275283,2.491421153661501,53.27112878049684,0
232.69273737641626,5.587115864333258,70.50485027989819,0
178.08994711911356,2.28683639075319,74.24693074437383,0
282.9405581183489,5.932859964867053,100.0,0
0.0,4.9287170354050325,58.320494613387545,0
223.5614558108566,1.769736368188981,96.96265858128656,0
277.0865193886967,7.329478708914342,89.95288160198712,1
52.14137542201584,3.5308168464039014,79.20954606735205,0
314.3754043206929,3.3794951259712382,100.0,0
233.84964074944142,5.401138394461886,80.58158208910294,0
158.47120860991987,7.29727469885743,80.83738793501894,0
263.2781866106285,2.968356362043206,74.20319020473681,0
427.0692857804396,5.123359699695944,93.35353323627942,0
218.18662550584952,5.857633000661146,91.44703850716326,0
224.8220586300336,6.386211214526288,65.6148406875568,0
154.0639100459756,5.35288311055445,55.211292081018485,0
115.01556305352082,4.265944321833356,71.95529043906514,0
283.03358165442455,3.344819558702561,62.99942153403531,0
114.39161740911328,5.172287766092749,74.04713138076967,0
207.15662372193924,2.855721976028786,93.56157202026209,0
152.23425532348833,0.0,68.14047517369815,0
247.89798257463917,5.873119608315336,74.35764928032637,0
233.36621052869484,6.807869682172391,75.87034102212593,0
303.7539944257899,0.2741351289163232,87.72646323307927,0
148.9983601145253,2.980538590580125,41.29665999023092,0
173.01250647066288,6.238308522010396,65.89949557852054,0
102.12362842176927,9.114990939423397,78.16925538419208,0
155.57067399238883,5.041587415350816,93.00118434640292,0
237.73004930448522,3.543994117541731,67.62146328740693,0
275.6988616645352,4.63420711779032,46.85170940937189,0
107.78346758223746,7.74975283829637,84.29567168949204,0
286.960592010566,3.708071641750929,65.46956416761556,0
335.56378588049506,3.401615986699493,57.155000113644576,0
241.3434903223701,4.034512955635935,65.63481915430164,0
387.6795812558066,3.0933427834825755,72.23211963516226,0
122.6210800896427,5.245340631989591,65.92883003192681,0
75.5345296688583,8.24935691693912,41.91650914351396,0
22.127975109572134,5.6461585462320585,88.45599295330697,0
349.6044311489183,4.495292995747425,94.12312561918083,0
265.43656563540577,4.416377462168912,84.77282987009258,0
194.44153290895449,1.873618382606686,57.93471494362775,0
227.99686263198203,6.766219554294318,71.97762699078723,0
87.45109527016236,4.8443256059743955,74.90218027155812,0
444.57519796168265,4.639040172818749,83.98191584342865,0
212.92211819752276,11.38621513568972,85.02510733077122,0
210.93947946048928,5.597505816731372,63.987393018322564,0
272.57666238986917,3.4964178998096314,76.22993334620341,0
248.10092317367133,4.147284807588913,81.85920606922862,0
222.38840242791315,7.29689141839351,96.83733483220149,0
120.95255445546881,5.226540821075529,85.56759809737085,0
247.14683571359956,2.1234440433652666,86.83585031063278,0
388.2024496475034,6.838457869150407,76.25739941894041,0
334.5420046154978,3.663711828922012,96.15688717805256,0
359.3186626639397,8.74659555243509,81.14644193939246,1
148.8784323568815,7.160096131429297,62.08368134739644,0
101.03951797414192,4.1053562086824975,96.05054955187786,0
187.4213079900352,7.562032723470226,85.46854908808541,0
205.57249122886947,5.1357110210548065,68.35433968307277,0
309.41915184709484,6.705547350244439,67.80760548901135,0
30.753537028518053,5.96946563458895,79.44863317711143,0
352.95503194606135,3.3072866900182527,81.94777192901377,0
184.19921014210107,3.712900335365076,77.95938398446809,0
157.311893005258,7.059921635162322,79.66963010164328,0
98.78956247398325,4.330449335786918,100.0,0
34.51433281342307,4.1927030735160065,91.07314728352328,0
282.31705839619144,3.089754841301294,77.85953386897536,0
207.3317967188404,5.847198131186922,89.11965871151224,0
71.00391002589461,9.12504983848629,59.512141447086904,0
70.4921227936384,2.8649341714914542,80.96890574920214,0
166.4215300709872,5.0484389133455165,100.0,0
366.90215252893927,7.8244411108308585,71.72931156911439,0
174.0408648636395,4.84071721750857,62.28549107071373,0
49.68570468818939,5.904743592499468,65.21866667110409,0
175.42569359140558,2.8752129437062406,58.655504439864174,0
172.72764302523296,5.856614194415297,63.22857137808445,0
0.0,4.625711469990902,69.44237852114956,0
194.57051334821878,6.971459991359726,53.91649471232037,0
176.9065469791322,7.374772103129502,75.23427500924404,0
269.6206364813418,10.179127284037229,88.53415760679971,1
384.8956094945345,6.1592663464271515,61.38365729779619,0
312.65650295477576,5.6515926331643325,97.78925885462652,0
173.11113094451696,5.388768603154672,82.66188132791392,0
89.34740912583297,4.293667414378623,90.45870878436085,0
457.33598032498605,5.6769676869233825,65.13248169221794,0
205.92184340144883,4.409197179721941,87.81787840599924,0
201.39292919129463,5.336921952539228,58.6209914940703,0
197.58749128899967,7.63519507121592,88.35371251254763,0
219.8084760767855,2.9869148694407177,77.57759009690297,0
185.56395880760576,7.279757122258091,83.29876829977175,0
142.63379931197636,7.634230134679731,57.36608091562722,0
145.3141058759608,4.763862946017842,61.57395236585093,0
196.72467297840015,0.7562902019828108,83.95842327380078,0
145.6575228866235,3.7843560258111353,60.77477993663699,0
128.71542173228357,7.593989093122218,81.94809438148684,0
210.64302276918968,4.954263875402236,54.49293290309632,0
174.50227825791447,3.0013955354101785,87.72261319000002,0
350.3992988582688,3.990450157543565,56.51215027847236,0
0.0,6.681240053009106,83.28449906519285,0
309.15068519224616,6.093467136402759,84.38446400469002,1
324.60851924976294,4.522135801660611,64.54842272355637,0
0.0,4.266351176370625,83.7303985062709,0
165.73124059196513,4.216483701912356,78.90663395000334,0
162.85591340042086,3.155179631002995,66.91737215710893,0
59.248830528217866,8.230751378938884,59.871679738856876,0
122.21833124091248,4.35535906157732,45.56061462491131,0
88.94241545341713,7.434317041650993,80.2447507094954,0
375.22704434236226,8.042632103844902,51.52795842956917,0
293.5678393147461,6.996621796295921,76.43016299161962,0
327.15550949941587,4.136759374563903,71.04827675876626,0
272.1672064043235,5.807460180673219,85.18714163157293,0
87.09482287827709,4.951608787218167,70.46931750765204,0
147.54797337202262,3.1925962785397437,70.05828320479363,0
248.93745612279182,5.6487185634432056,85.97806056432444,0
77.78721911080547,2.641920417680395,80.02587043626177,0
271.2998430172388,7.375358776923127,79.74233935774167,0
175.9674601841865,4.070765405403214,82.03901384712789,0
162.51791924504025,5.4023193117456785,51.966418151893414,0
271.0959968203491,5.566575743092284,86.35183019980472,0
244.426331148604,4.482190052591846,84.18703191020404,0
163.903383418092,6.17338760295055,59.74975307135254,0
315.9329803364248,4.050192686754951,71.33879289488698,0
91.89366724001027,6.742594594914488,74.41039068558553,0
261.5935606944264,2.308040639506503,72.98254823397401,0
259.3101257968384,5.2527591590928235,80.00789949852802,0
169.04535606860097,8.87785799811657,96.47050172746775,0
232.6133022242118,2.9993373507888506,91.22650091509243,0
74.8886423614697,3.644510058950297,55.31671209852891,0
292.4027019206901,6.02781569931783,84.33104985459073,1
181.5097863557011,5.359163563879196,94.93399979303115,0
147.72769794809605,5.701260198547119,80.80212781033804,0
304.90092258368895,5.978374260295327,91.3647063777895,0
129.56563094572408,6.269442937123539,100.0,0
59.153870363644046,7.219399683912446,90.35564319160471,0
44.337082647609634,5.819637313857025,78.73962893462593,0
260.60099513456396,4.517484690762915,90.6763271112713,0
71.9570647503717,6.345147402405463,77.17331749645336,0
375.47941819843646,8.799763869790432,75.35854564927433,0
0.0,4.7347325072348525,69.72878646429402,0
369.6456368290038,3.050941390658717,98.45120038248163,0
221.10174672026184,7.214161338573946,62.72357001086998,0
190.32868881296076,4.759237672092803,97.98551587017174,0
145.50809131910503,0.6546609079719277,82.49796185610558,0
239.9136114352071,6.694843354300843,54.01040737797088,0
196.23652975751517,3.9293436280921545,80.51473939487133,0
310.33018820165216,4.818933435391679,43.49960238522564,0
211.42276486620398,5.663960661138029,84.38262025246553,0
215.03017614618776,5.380999359558133,88.27847224483486,0
163.6387787786144,6.418903634278079,66.11466066521919,0
194.30543762789324,4.129027258860313,76.85321543933374,0
230.7801768892059,6.026211596352166,100.0,0
28.983160734337446,4.4809066448321655,67.41379943607095,0
65.18145778942869,6.477620961775006,59.11638619415099,0
274.3264094022715,6.230734968026107,97.22495103693899,1
217.0865438127942,3.1291225959108093,100.0,0
181.6016663647321,7.1719642323500645,75.0554350777177,0
201.84339330653933,3.928073109771904,90.17194553112535,0
234.7581705361671,6.61611559656229,95.12213873296321,0
146.02403196906386,5.734574626802681,63.86273651192424,0
122.16952745976873,8.676367353590244,67.72041246948197,0
219.58452550976816,4.553068035256295,93.46311769732102,0
102.1627222384968,4.301366407763605,100.0,0
240.82527557144718,4.961160788224535,83.44321290261533,0
29.74163957621596,4.3936404343314495,61.802784697469185,0
302.91556373256435,6.5998838038841,100.0,1
247.2597482413043,1.7673787831268242,67.03543653282053,0
225.60297343138757,2.892635161707292,69.97293328242823,0
298.2690983945514,2.864394156841614,80.13506751734432,0
366.54744444625766,6.900615183947151,98.31240631072161,1
301.437006501813,8.42122674516385,87.80963964828335,1
15.91257686683548,4.791101562925057,81.22298250542866,0
72.04230332642985,4.662356553619979,81.9493279517716,0
137.51814223043212,5.140104326226362,75.65272002965199,0
202.60910502108337,7.323756605216381,83.37209271777759,0
251.7659020469123,3.145293731618852,37.05659883458546,0
127.42561868465344,5.47673796546957,70.55088811395302,0
218.67667644770785,6.95039525956486,78.61982902375172,0
124.46170676466775,6.002188339879691,57.73478874570739,0
138.84821970080517,5.379163233197486,80.7948497671734,0
59.33389031517777,7.002092185134282,71.93293168520817,0
107.67667538890957,0.0,100.0,0
64.83153943836663,6.3557506390618155,98.59529587822284,0
102.41267470226673,3.6918486337451526,68.01291646322755,0
305.364179660784,1.3387342062870862,72.73743432649957,0
105.0601111168057,6.022405199049961,73.89078651587411,0
463.2382064837391,7.747317090325915,68.22510785760566,0
249.33179008808892,4.725102970744616,77.9253747604219,0
218.4836123694874,6.905749094405878,63.625768966686145,0
114.16422198187864,8.22455651597729,58.04076997593711,0
270.03098794089914,7.629828907168095,84.34066835850403,1
142.4362173762226,8.279929058742786,84.44294376332716,0
212.20098146453614,6.484254982143785,62.93526360510012,0
456.0084538268795,5.150867277803186,88.430331461439,0
190.39401002753502,1.796068376205663,65.52633406252002,0
314.92733262856757,4.507875023740103,78.79747857056972,0
129.68235748741125,3.3135068093676168,87.30516018918684,0
196.50115095030384,9.341885434995628,74.49581152944431,0
377.080063563551,4.648228375135327,81.82111368211702,0
137.30329422122327,5.2464096135689715,67.25355534168642,0
381.2448557996929,6.102970752080935,72.05300124857854,0
270.77519354554755,5.087204892744907,71.91210853679489,0
143.75332241057322,8.390102080861507,63.80132480189641,0
263.2407739055521,3.754701276531096,72.34838755326327,0
297.255444962673,5.389214910474485,51.7707255170438,0
262.1809962217196,3.5150588286039035,67.63269379286842,0
42.97752801095436,2.3599549775585884,70.72686759945493,0
127.28628241751314,3.7764618181894294,71.1573037125693,0
175.24813644484954,4.9259264059031755,71.37753831193832,0
192.55665708999538,4.1413955509654805,74.07353700209806,0
262.0672097550678,3.615158040252288,82.19162277129095,0
217.77010009332537,2.1873650726563323,88.11775611198783,0
66.46556412898988,4.83378885474261,65.25352159727599,0
238.01978510059632,1.9905592519379955,56.951987169162834,0
261.05857452838234,6.520111927379205,59.36933381635345,0
255.97904479310398,5.164879505869006,67.6919561820761,0
308.0780725554622,2.084897001070139,69.72118023275236,0
283.3922154548904,4.381581845900273,63.45005900703814,0
245.91800792284369,3.4956871888188337,55.55825003625158,0
192.9834288541353,5.638349020838361,68.15818758788717,0
33.90390664840086,7.680900892046289,77.72139930170957,0
242.96182191325858,1.2496550607085108,83.92544198753347,0
220.76876871631111,5.230052158294835,66.63865420337518,0
227.15788371953735,4.679734408866719,68.8050326678485,0
72.32514241796906,6.342680152900932,61.09952536729034,0
91.89434595917376,5.426393256475379,74.52841244437835,0
305.3152853332904,3.496061336522362,62.27357048713778,0
196.0444846143345,4.361892128666764,83.596917198618,0
268.15006973726247,3.407948286393022,48.21200262098833,0
202.8318376130461,7.152014277197196,69.60555491321307,0
202.97561394957452,5.0426232973438845,79.51661008787613,0
293.8283805975998,8.802381371506016,77.75751774483757,0
148.39552717826263,4.878678372370758,100.0,0
209.61207769409833,3.5831864661790744,80.24700036851861,0
153.77247112949576,1.9725712147743457,59.93918104736984,0
156.55037725676846,1.3937206474881099,73.56803629366391,0
169.08278765313605,1.8317281139890205,48.356304998003225,0
222.2133771633713,5.534253302022967,73.79100376054859,0
152.12513783365227,6.017450046459867,62.50415914498862,0
325.5756125573521,1.8376185959357332,88.73085413340243,0
110.53926977804961,6.790076628152231,66.75689588106698,0
181.31283558386409,4.033877896633121,73.2485112630713,0
156.0268941725825,5.293586023971098,65.46663237893395,0
344.6977884353733,8.224441256510849,100.0,1
219.65547765115747,6.793678631731064,70.18135850823133,0
303.18445394686347,4.4629387041883355,100.0,0
51.443962696302805,3.217615549169425,87.212276431774,0
226.7050265869259,0.6963691973413901,82.23100091003079,0
288.9630795623437,3.56169336151516,80.5309972097628,0
208.22839892754243,4.577739522344611,80.90695947324377,0
306.54803750653514,3.0256409456976323,46.08491130981585,0
148.27115498996278,4.737486065815391,70.81674908773866,0
340.934744018558,5.153703765917537,87.67736956776483,0
429.889812361925,4.550288036383843,74.26654224788842,0
163.7161439560341,3.6999948383530805,53.922152297946376,0
155.4497478599228,5.337309343933455,74.21393324133795,0
345.3384477117701,5.883881299138818,100.0,0
357.95721457307127,2.819201845114308,93.70337573302079,0
147.71399728467316,7.82186475949254,74.06993985950952,0
157.98131829041426,4.802823735431477,89.2717391558713,0
171.82153911394929,5.037699245889695,69.50239469447922,0
65.55494889657228,6.4164288465131145,49.441926197599216,0
108.13480535158018,5.466432262527003,61.133010178056686,0
99.58592332479321,6.90627326782649,98.44333152762297,0
123.22024348958716,5.574248330403648,70.89010377256044,0
196.5315112613219,3.775125250719124,71.34924030937474,0
223.42147325365207,5.723007050412203,70.5024270558768,0
355.0500492814077,2.7125475853586765,100.0,0
100.16459592612091,5.217119411553046,99.38938373043095,0
298.43223984765837,4.933540018711079,100.0,0
178.6011155774491,4.583766285454921,72.61432184399924,0
195.0536290347567,4.742924977122138,79.43436733120643,0
267.4819492166604,1.2363019090047218,52.25036175868813,0
87.72779784377013,3.902550184518077,97.15401639177412,0
238.24097461840506,5.185689802282229,57.48330673098097,0
216.6452208213056,5.319712783994801,78.25163345643944,0
249.2451264008149,2.9446497181480837,58.54046208550734,0
228.91686439078183,7.531415681729401,66.16699759891956,0
445.5300139910894,3.2676503035709983,62.441063534254496,0
136.2260015748684,6.938914401053474,65.88187108986273,0
146.90030449981822,5.854388723743369,66.91315945276531,0
137.68594735752356,3.7075453803123937,66.77596807612385,0
144.45228808397454,8.550621785219024,87.50000867670461,0
136.26128726934823,2.61272633648704,58.4270581040622,0
318.9016531107552,6.8383083472200035,78.308121405208,0
342.0504247989855,7.0011646360859565,93.26938728458337,1
142.92537062505238,3.6587595818467102,67.30205453229905,0
116.76444268957712,7.784930600128657,64.23121663878597,0
247.1415556386404,4.499906970802094,71.54213062229624,0
144.77769557190288,5.577387258559714,92.69587812541064,0
263.2931817755511,5.5206436775424415,77.91161446430037,0
220.29230208512996,4.731382517058904,67.03178558088602,0
48.4255885002768,6.621616546319564,82.2581497678206,0
354.75052013300615,6.586977441104426,58.46561775245365,0
379.5877673095522,1.5029360535236385,85.22039265664422,0
138.72113095156138,7.608680485756305,81.12910961552652,0
161.22984400640158,1.6750160239286513,70.38287293291674,0
228.5865390724905,7.065092408683315,62.421213023291536,0
233.4456789987025,7.253410273655167,61.69978616574814,0
265.85442726728303,2.8180671395696035,83.02226004518866,0
401.020453876635,4.17837142409083,93.43470753733592,0
182.30527725059505,2.7885906630281285,65.44038379456808,0
120.17027554615463,4.570157939422529,81.87580055327226,0
62.068077198547286,4.383931431628517,43.694594720968965,0
126.9069960058081,6.55932106453868,66.23073404014201,0
196.6873027126203,7.620617492239217,74.53411600693647,0
379.4557863517788,7.791367621579912,61.354748745272495,0
148.23887009638287,3.875663946843396,60.95240437815606,0
222.37879516388986,4.581556252510945,64.9833066529667,0
198.35771039272478,1.6331236155580995,79.38289092489559,0
318.8393273448084,3.3882598670076227,72.19006472390438,0
452.6932425873622,6.929703266194915,41.42653150012542,0
146.91312270796794,8.231165647096464,43.18949771047401,0
151.05605574817778,2.531302256240156,65.89702233214237,0
304.4160877069072,3.8150714816942113,81.86529879080328,0
268.1891489626311,4.947188486082146,33.78742735912148,0
384.67073257360335,5.560322317639214,67.50404735772554,0
258.3928185325964,3.3807929601567075,67.10628215223868,0
164.07079092129405,5.8481220889281795,95.82506667312671,0
259.06548306923094,4.052321305858168,69.22467282430705,0
310.8703580582908,4.9710954582434415,80.74483477111393,0
282.0482181197364,6.092568496007399,77.11885710131195,0
250.72740311072977,5.0128445396218755,43.04150280289199,0
306.6674689589154,4.127228218946863,86.52310824947605,0
316.92955904456727,4.780780392148339,78.23094758184432,0
338.2158991037527,4.82327408158933,82.62402959511884,0
264.87098875896424,4.2599779402357445,100.0,0
183.28819196831455,4.482407874665795,43.73830590752117,0
214.67136864333227,8.197294341009433,100.0,0
320.65089665083565,6.121838895882478,70.68828720899467,0
118.3064329012764,4.409039363941679,79.30993356604515,0
236.8673308872901,6.393908809021472,74.31731632048137,0
160.66611876726392,4.33236102048798,68.63645499902935,0
202.87448229348175,7.346249275173283,66.45250607641862,0
327.84518626072986,5.739284384396187,79.94263103359513,0
219.10990680199035,4.7853957119915425,52.24239454992481,0
204.6436548156149,5.895433851620555,86.25868751282648,0
64.01438590200809,1.8582476958630014,68.7570839267212,0
274.62535660272204,2.7464650621803894,58.04895991439463,0
264.54841811410756,2.612149987201889,68.24980713006279,0
416.325472330546,5.285886189527414,93.8572382529386,0
169.22217650469992,8.465029998970184,66.96997369475665,0
221.9150327663939,9.462600292385265,80.3768042731443,0
224.9383683710755,6.276102202881514,64.0356558642679,0
357.7453279763474,6.001688949888914,86.3688277488543,1
190.4704467613048,1.397884531694522,85.28261608185306,0
227.90215257703392,3.9146524005319563,100.0,0
260.78965097165394,3.424432496183522,72.36654081751176,0
218.6609123156358,3.7583048034977677,85.0298220713686,0
155.35663854494717,4.663712362830421,76.47101309308417,0
219.40899928983077,4.055818844605746,94.43807672794522,0
307.3631749859772,1.0414003792484245,64.21751418586905,0
97.34847005889398,6.495820512235068,86.17507969315922,0
213.2969674146876,2.854513948520387,72.07954055824978,0
129.98791850608268,5.478493728222299,74.03717734337253,0
319.50466289248425,9.148165339499947,76.3762872667256,0
47.681309521622524,3.1612308168271532,78.78360594640016,0
144.10781527284115,0.0,73.25656435317063,0
237.72118750645208,4.427991556239778,78.22069774755789,0
356.55240292343404,7.201919269997142,98.67177086343277,1
193.42497389270122,8.916694908441187,89.78174528422828,0
144.48004733068018,2.5409008110951663,88.03731888745345,0
388.115706944059,5.993398446473043,68.16690710964194,0
55.19860995837561,4.069379086439893,61.66138757657514,0
0.0,4.788103291391729,89.3295083735663,0
244.00144500533324,10.28868669403407,88.14070188794692,0
149.7945775647389,1.9940593432096936,97.09006013626473,0
97.87671828692868,5.5074793229891466,65.94029061046156,0
270.8356447299353,5.935386343530866,71.5567701695948,0
224.3800713771199,7.171572649878694,50.407737562118484,0
143.59213692632716,5.1959663069417905,69.1129334090869,0
71.96956013291057,5.616101079008205,89.94855765869171,0
287.24573282801447,4.216702865156417,68.00256931157703,0
265.0201177958661,5.538253882490214,84.60719692801236,0
190.08241362206172,4.313615449005179,72.14245341003283,0
384.6636996047666,6.243143779712102,79.86085542332341,0
92.99152336738474,4.260779327912732,57.78462915276499,0
47.44748290752611,5.754200787804373,76.27814174450852,0
130.80919301187555,4.941474372630044,30.13296043648915,0
195.4413983644502,7.252100501544336,72.19655762757023,0
224.3339449322692,4.897212552823028,50.5429013442729,0
175.87639421436702,1.4539350635862371,93.08991774820224,0
235.2055396514297,7.523843001427983,86.66111029146766,0
74.84605758095559,3.1885353982747624,82.00006472949121,0
344.3764604073259,3.6924673227023606,97.8150934073907,0
191.7848821607431,3.808677411913016,60.766252187627444,0
311.7295831588128,7.748876186341635,100.0,1
234.2725346377704,0.728651572042609,88.98287346390578,0
245.6753219153784,11.275497067319987,71.4516706917158,0
256.9767280232204,7.112113618132104,92.03430220774416,1
244.7708560017315,5.4464778282583195,58.40559731382549,0
264.2722759867544,4.890211998767427,62.632287577084895,0
332.91525301324316,5.571108149715314,65.8711541514045,0
219.652116970147,6.042244856758677,67.06533437903977,0
270.9003757588512,6.290431171900114,59.15163535859621,0
191.02643057127733,6.111208932006897,93.34624600642988,0
344.01172154494725,5.179161362510498,71.11718399445253,0
132.36076979407304,4.605323159385348,80.2875745253532,0
380.09404329108156,4.697453432692977,66.44472950379479,0
195.98420493556566,4.610183439294638,47.69095049177224,0
56.92248978819518,7.2675401937341295,79.05086037587134,0
212.81044149107893,6.1871134445617235,46.31617536870335,0
131.8948342525119,0.0,73.97048930871797,0
284.0643548988724,6.311801553059522,54.47527441750785,0
134.7376020697609,5.389472389437549,100.0,0
155.38165667852203,4.962582487108206,88.67044083262083,0
11.04592690544689,4.222963093822228,76.5863068690722,0
154.76936807509233,7.2482254399720265,93.95560016482003,0
0.0,6.895052924245716,62.305260338013966,0
41.60971765142767,3.4542446643527818,83.15219068005139,0
276.04146561442974,5.81410457424907,77.99715650578071,0
278.5800158650832,3.0566865309174283,78.96030122000505,0
242.54575617849648,2.240763670422139,94.08530250160152,0
103.3023856870787,3.74656555082007,85.98738154169703,0
195.228864385802,6.724786944765517,79.33085494237535,0
199.63974609094316,6.906250090752174,50.17668845657556,0
84.16353108074573,6.026170840194586,60.59930557080804,0
350.33983017671505,6.450191573695994,73.15936599606414,0
287.73622905756713,6.032356574229917,76.40058561414976,0
177.9035826170336,3.7170368095540955,58.046944129891145,0
202.68858389945308,5.8638450893478815,100.0,0
220.83828079475524,6.600819050455365,97.74591082880359,0
0.0,6.508582659627148,84.03177480588725,0
175.2822617479403,7.377826742949286,76.08055291925618,0
131.80157520022016,6.416607694402128,71.81686545148273,0
99.83799901050845,5.702896415083166,60.72122309966647,0
171.88997071140452,7.140300476632855,76.16220777778294,0
379.76865268495226,4.9469574815018795,78.86628810214125,0
264.084286126701,3.2362506975445644,56.37359136777563,0
142.8821010217203,4.673866072112472,80.01264625867346,0
257.25827813561585,3.510194710387102,72.67111426762877,0
